uFunctions.InetHelper;uFunctions.StringHelper
uFaceApi.Content.Types
uFaceApi.FaceDetectOptions;uFaceApi.FaceAttributes
FaceAPI;ufmMain;uFunctions.StringHelper;uFaceApi.Base;uFaceApi.Content.Types;uFaceApi;uFaceApi.Servers.Types;uFaceApi.FaceAttributes;uIFaceApi;uFaceApi.FaceDetectOptions;uFunctions.InetHelper
uIFaceApi;uFaceApi.FaceDetectOptions;uFaceApi.Servers.Types;uFaceApi.Content.Types
uFaceApi.Base;uFaceApi.Servers.Types
uFaceApi.FaceAttributes
uFunctions.StringHelper
uFaceApi.Servers.Types
ufmMain;uFaceApi;uFaceApi.FaceAttributes;uFaceApi.Servers.Types;uFaceApi.FaceDetectOptions;uIFaceApi
uFaceApi;uFaceApi.Servers.Types;uFaceApi.Content.Types;uFaceApi.Base;uIFaceApi;uFaceApi.FaceDetectOptions;uFunctions.StringHelper;uFunctions.InetHelper
